,Location,X,Y
0,"942, 21st Main Road, 2nd Stage, Banashankari, Bangalore",12.9190077,77.5674626
1,"2nd Floor, 80 Feet Road, Near Big Bazaar, 6th Block, Kathriguppe, 3rd Stage, Banashankari, Bangalore",12.9276865,77.551507
2,"1112, Next to KIMS Medical College, 17th Cross, 2nd Stage, Banashankari, Bangalore",12.9271909,77.5601644
3,"1st Floor, Annakuteera, 3rd Stage, Banashankari, Bangalore",12.9249551,77.5502328
4,"10, 3rd Floor, Lakshmi Associates, Gandhi Bazaar Main Road, Above Reliance Trends, Basavanagudi, Bangalore",12.9445559,77.5698732
5,"37, 5-1, 4th Floor, Bosco Court, Gandhi Bazaar Main Road, Basavanagudi, Bangalore",12.9452682,77.5687011
6,"19/1, New Timberyard Layout, Beside Satellite Bus Stop, Mysore Road, Bangalore",12.9531262,77.5428386
7,"2469, 3rd Floor, 24th Cross, Opposite BDA Complex, 2nd Stage, Banashankari, Bangalore",12.9243475,77.5621368
8,"1, 30th Main Road, 3rd Stage, Banashankari, Bangalore",12.925815,77.5585034
9,"2470, 21 Main Road, 25th Cross, Banashankari, Bangalore",12.9241104,77.5619944
10,"12,29 Near PES University Back Gate, D'Souza Nagar, Hosakerehalli, 3rd Stage, Banashankari, Bangalore",12.9349544,77.5315135
11,"615, Janardhan Mansion, 32nd D Cross Road, 10th C Main Road, 4th Block, Jayanagar, Bangalore",12.9272944,77.5829845
12,"117, Govindadappa Road, Gandhi Bazar, Basavangudi, Bangalore",12.9465774,77.5693046
13,"125, 1st Floor, Abalashram Building, DV Gundappa Road, Basavanagudi, Bangalore",12.9432995,77.5688544
14,"129, D.R.Complex, DVG Road, Basavanagudi, Bangalore",12.9471947,77.5692617
15,"20, East Anjenaya Temple Street, Basavanagudi, Bangalore",12.9441618,77.5681054
16,"44/1, Bull Temple Road, Near Dodda Ganapati Temple, Basavanagudi, Bangalore",12.9429032,77.5660026
17,"200, Next to Canara Bank, KG Road, Gandhi Bazaar, Basavanagudi, Bangalore",12.9443534,77.570843
18,"1431, 22nd Cross, Near BDA Complex, 2nd Stage, Banashankari, Bangalore",12.925768,77.5618719
19,"14, 2nd Floor, Panchanjanya Tower, Phase III, 3rd Stage, 100 Feet Road, Banashankari, Bangalore",12.9251456,77.5486107
20,"488/1, 7th Main Road, 50 Feet Road, Hannumantha Nagar, Banashankari, Bangalore",12.9439007,77.5594318
21,"39/3C, Banashankari, Bangalore",12.9466782,77.54382
22,"715, Hari Complex, 22nd Cross KR Road, 2nd stage, Banashankari, Bangalore",12.9238899,77.5712533
23,"38/2, 1st Main, Mount Joy Extension, Hanumanthanagar, Girinagar, Banashankari, Bangalore",12.9421374,77.5498054
24,"2nd Floor, 980, 13th Cross, 2nd Stage, Banashankari, Bangalore",12.9294027,77.5609407
25,"24, 5th cross, 7th Main Road, Dwarkanagar, near Pesit College, Hosakerehalli, Bangalore, Banashankari",12.9328038,77.5344195
26,"173, 5th Main, Avalahalli Extension, Near Girinagar, Banashankari, Bangalore",12.943216,77.5421687
27,"80, BDA Complex, 2nd Stage, Banashankari, Bangalore",12.9244709,77.5621016
28,"32, 7th Main Road, Dwaraka Nagar,Near PES College, Banashankari, Bangalore",12.9353798,77.5324769
29,"8, 2nd Floor, 1st Main, Arush Trapeze, Mount Joy Road, Behind BMS College of Engineering, Hanumanthnagar, Banashankari, Bangalore",12.9401705,77.5622152
30,"4, Opposite NMKRV College, 21st C Cross Road, 3rd Block, Jayanagar, Bangalore",12.93313,77.5794403
31,"556/A, Water Tank Road, 3rd Stage, Banashankari, Bangalore",12.931329,77.5431311
32,"39, 3rd Main,4th Cross, Hanumanth Nagar, Near, Basavanagudi, Bangalore",12.9464355,77.5620239
33,"Opp Vinayaka hospital, Near Seetha Circle , 80 Feet Road, Banashankari, Bangalore",12.9380055,77.5488846
34,"2466, Bhaskar Grand Tower, 24th Cross, Opposite BDA Complex, Banashankari, Bangalore",12.9243028,77.5626648
35,"645, 1st Floor, 24th Cross, 24th Main, 2nd Stage, Banashankari, Bangalore",12.924493,77.5631763
36,"2nd Stage, Banashankari, Bangalore",12.9242426,77.5625081
37,"1750, 14th Main, Police Station Road, Kumaraswamy Layout, Bangalore",12.9056102,77.5614458
38,"1621, 1st Floor, 50 Feet Main Road, Kumaraswamy Layout, Bangalore",12.9094413,77.5628271
39,"179, 1st Floor, Jawarlalnehru Road, BEML Layout, Rajarajeshwari Nagar, Bangalore",12.9210124,77.5183906
40,"1607, Sagar Hospital Road, Near Dayanandasagar College, Kumaraswamy Layout, Bangalore",12.9071785,77.5637414
41,"276, Ground Floor, 100 Feet Outer Ring Road, Banashankari 3rd Stage, Banashankari, Bangalore",12.9063849,77.5852488
42,"1514, 4th Cross, 7th Main, RPC layout, 2nd Stage, Vijay Nagar, Bangalore",12.961849,77.5347993
43,"808/6-1, 24th A Cross, K.R Road, 2nd Stage, Banashankari, Bangalore",12.9156377,77.5898004
44,"178, Next To Old KEB Office, 8th F Main Road, 24b Cross, 3rd Block, Jayanagar, Bangalore",12.9319405,77.5811463
45,"78, 21st Main Road, Near BDA Complex, 2nd Stage, Banashankari, Bangalore",12.9267605,77.5624915
46,"10, Stavyah Arcade, 3rd Floor 9th Main, Yarab Nagar Main Road, Banashankari, Bangalore",12.920165,77.56712
47,"218/1,11th Main, 50 Feet Road, Hanumanthnagar, Banashankari, Bangalore",12.9419366,77.5577272
48,"484/A, 1st Stage, 2nd Block, 4th Main Rd, SBM Colony, Seetha Circle, Banashankari, Bangalore",12.9389994,77.5499216
49,"18, B K Complex, Opposite To BDA Complex, 21st, Main Road, 2nd Stage, Banashankari, Bangalore",12.925162,77.5620843
50,"942, 3rd Floor, 21st Main Road, 2nd Stage, Banashankari, Bangalore",12.9262705,77.5625193
51,"1828, 50 Feet Road, 2nd Stage, Kumaraswamy Layout, Bangalore",12.9062894,77.5567264
52,"67, Kanasu Complex, Kubirmutt Road, Hunumathathangar, Basavanagudi, Bangalore",12.9438048,77.5643472
53,"296, Ram Towers, 100 Feet Ring Road, Banashankari, Bangalore",12.9227074,77.5543815
54,"295/B, 7th Main Road, 100 Feet Ring Road, 7th Block, 3rd Stage, Banashankari, Bangalore",12.9228744,77.5541907
55,"31, Opposite Vijaya College, RV Road, Basavanagudi, Bangalore",12.9407989,77.5787229
56,"30th Cross, 8th Main, Near Jain Temple, 4th Block, Jayanagar, Bangalore",12.9281203,77.5806993
57,"10, 30th Main, Deve Gowda Petrol Bunk Road, 3rd Stage, Banashankari, Bangalore",12.9271333,77.5592002
58,"186, 11th Main, 4th Cross, Hanumanthnagar, Banashankari, Bangalore",12.9438139,77.5576631
59,"59/3, Ground & First Floor, West Anjaneya Temple Road, Ward 49, Gandhi Bazaar, Basavanagudi, Bangalore",12.9467448,77.5697469
60,"476, 2nd Floor, 9th Cross, Avalahalli BDA Park, BSK 3rd Stage, Banashankari, Bangalore",12.9432502,77.5392703
61,"100 Feet Road, 3rd Stage, Banashankari, Bangalore",12.9246402,77.549253
62,"Shop 33 & 30, 21st Main, Near BDA Complex, 2nd Stage, Banashankari, Bangalore",12.9261432,77.5623101
63,"49/1, Subbaraoshetty Road, Netkallappa Circle, Basavanagudi, Bangalore",12.938966,77.5686346
64,"16th Main Road, Near PESIT College, Banashankari, Bangalore",12.9414223,77.5514455
65,"1430, 22nd Cross, Next To Coffee Day, Near BDA Complex, Banashankari, Bangalore",12.9257628,77.5618772
66,"727, 23rd Cross, KR Road, 2nd Stage, Banashankari, Bangalore",12.9235176,77.5708448
67,"36, 2nd Main, RPC Layout, Vijay Nagar, Bangalore",12.9674961,77.5357049
68,"2477, 24th Cross Road, Siddanna Layout, Stage 2, Banashankari, Bangalore",12.9239052,77.5631
69,"1142, 22nd Cross, 30th Main, Banashankari, Bangalore",12.9263413,77.5596168
70,"512, 2nd Cross, 3rd Stage, Banashankari, Bangalore",12.9250594,77.5438794
71,"45/12, 4th Cross, 10th Main, Gururaja Layout, Banashankari, Bangalore",12.9215587,77.5492085
72,"52, 1st Floor, 33rd Cross, 4th Block, Jayanagar, Bangalore",12.9261473,77.5823172
73,"38, 22nd Main, 22nd Cross, Opposite BDA, 2nd Stage, Banashankari, Bangalore",12.92567,77.5598913
74,"1/34, 3rd Cross Road, Kathriguppe IV Phase, Banashankari 3rd Stage, Banashankari, Bangalore",12.9232079,77.5488626
75,"480/A, 50 feet road, Nagendra block, Near PES College, Nagendra block, Banashankari, Bangalore",12.9417289,77.5505363
76,"941, 21st Main Road, BSK 2nd Stage , Near BDA Complex, Banashankari, Bangalore",12.9261406,77.564143
77,"304, Opposite Apollo Public School, 100 Feet Ring Road, 4th Phase, 7th Block, Banashankari 3rd Stage, Bangalore,",12.9231115,77.5554541
78,"3828, Near Deve Gowda Petrol Bunk, 30th Cross, 3rd Stage, Banashankari, Bangalore",12.9222004,77.5587195
79,"50 Feet Road, Hanumanthanagar, Banashankari, Bangalore",28.5485253,77.2749852
80,"34, 22nd Main, 22nd Cross, Opposite BDA, 2nd Stage, Banashankari, Bangalore",12.9255935,77.5619476
81,"24/1, 23rd Cross, 6th Main Road, Opposite Kaveri Grameena Bank, 2nd Stage, Banashankari, Bangalore",12.9506286,77.5057465
82,"96, Opposite Jain Collage, Basavanagudi, Bangalore",12.9431071,77.5644639
83,"2465, 3rd Floor, Opposite BDA Complex, 24th Cross, Banashankari, Bangalore",12.9241497,77.5628674
84,"295/A, 7th Main road, 7th Block, 3rd Stage, Banashankari, Bangalore",12.9370265,77.5525029
85,"1189, 10th Cross, Shankarnag Circle, 1st Stage, 2nd Block, Banashankari, Bangalore",12.9365506,77.5580129
86,"415, 1st C Cross, Banashankari 3rd Stage, 5th Block, Bangalore, Banashankari, Bangalore",12.920948,77.5482985
87,"27, 80 Feet Road, Srinivasnagar, Banashankari, Bangalore",12.9338456,77.5563039
88,"Number 42, 4th Block, 6th Stage Banashankari, Vrishabhvachi Nagar, Opposite RV College of Architecture, Bangalore",12.878307,77.510641
89,"2, 3rd Cross, Near Pesit College, Banashankari, Bangalore",12.9344948,77.5323277
90,"8, Katriguppe Main Road, Vivekananda Nagar, 3rd Stage, Banashankari, Bangalore",12.933267,77.5552256
91,"7/1, Behind BMS College Hostel, 80 Feet Road, 1st Stage, Srinivas Nagar Bank Colony, Banashankari, Bangalore",12.9365634,77.5489175
92,"3967, VHBC Society, Girinagar Phase 4, Hosekerehalli Mani Road, Banashankari 3rd Stage, Banashankari, Bangalore",12.9260178,77.5213148
93,"27, 27th Cross, 2nd Stage, Banashankari, Bangalore",12.9262717,77.5692669
94,"4001/4002, Annapoorneshwari Plaza, Near Seetha Circle, Hosakerehalli Cross, Banashankari, Bangalore",12.9351581,77.543753
95,"89, Near PES College, 22nd Main Road, Girinagar, 1st Stage, Banashankari, Bangalore",12.940184,77.5511633
96,"10th Main, Hanumanthanagar, 50 Feet Road, Phase 1, Banashankari, Bangalore",12.940328,77.5544575
97,"68, Opposite ICICI Bank, 21st Main Road, 2nd Stage, Banashankari, Bangalore",12.9261437,77.5625151
98,"590, 24th Cross, 2nd Stage, Banashankari, Bangalore",12.9241841,77.5651201
99,"Padmanabhanagar, Banashankari, Bangalore",12.916609,77.5516326
100,"21, 80 Feet Road, 3rd Phase, 4th Block, 3rd Stage, Banashankari, Bangalore",12.9340315,77.5442384
101,"1, Near BDA Complex, 24th Main, 2nd Stage, Banashankari, Bangalore",28.5485253,77.2749852
102,"No.37, Shree Complex, Next to Dominoes Pizza, Bull temple Road, Basavanagudi, Bangalore",12.9477386,77.5655479
103,"155, 43rd Cross Road, 8th Block, Jayanagar, Bangalore",12.9184925,77.5771576
104,"No.1585, 22nd Main,Banashankari 1st Stage",12.9388266,77.5511667
105,"39/1, R.V Road, Opposite Vijaya College, Basavanagudi, Bangalore",12.940736,77.5784213
106,"608, 21st Cross, Kumaraswamy Layout, Bangalore",12.9075401,77.5612021
107,"100 Feet Ring Road, 2nd Phase, Banashankari, Bangalore",12.9316457,77.539829
108,"1, 80 Feet Road, 6th Block, 3rd Stage, Banashankari, Bangalore",12.933179,77.5432826
109,"1A/29 , Shop 2 , 27th Cross, Jayanagar, Bangalore",12.9309404,77.581529
110,"153, Satellite Bus Stand, Byataranyapura, Mysore Road, Bangalore",12.949599,77.5324747
111,"Dayanand Sagar College Road, Kumaraswamy Layout, Bangalore",12.9094106,77.5616034
112,"Basement, MR Complex, Near Police Station, 25th Cross, 14th Main, Kumaraswamy Layout, Bangalore",12.9051954,77.5606649
113,"28/29, 9th Main Road, 3rd Block, Jayanagar, Bangalore",12.9324313,77.5815346
114,"11/2, Ground Floor, Khazi Street, Basavanagudi, Bangalore",12.9406386,77.5770573
115,"4th Cross Road, Byatarayanapura, Srinagar, Banashankari, Bangalore",12.9493007,77.5400614
116,"28-29, 3rd Block, 9th Main Road, Jayanagar, Bangalore",12.9330094,77.5822023
117,"92/1, Gandhi Bazaar Main Road, Basavangudi. Next to Vodafone Showroom, Basavanagudi, Bangalore",28.5485253,77.2749852
118,"615/1, Ground Floor, Janardhan Mansion, 10th C Main, 32nd D Cross, 4th Block, Jayanagar, Bangalore",12.9272892,77.5829898
119,"79, Vanivilas Road, Next to KFC, Basavanagudi, Bangalore",12.948037,77.5666713
120,"805, Ground Floor, 35C Cross, 9th Main, 4th Block, Jayanagar, Bangalore",12.924475,77.5816963
121,"1304, Kathriguppe Main Road, Ashok Nagar, NR Colony, Basavanagudi, Bangalore",12.938325,77.5610263
122,"1761, Near Swathi Nursing Home, 14th Main Road, 1st Stage, Kumaraswamy Layout, Bangalore",12.9073189,77.5617719
123,"374/B, 2nd Phase, BSK 3rd Stage, Srinivasa Nagar, Banashankari, Bangalore",12.9383543,77.5522839
124,"582,2nd Main, 6th Block 2nd Phase Banshankari 3rd Stage Bangalore-560085",12.9285641,77.5641562
125,"3-94/1, 80 Feet Road, Near New Big Bazaar, Kathriguppe, Banashankari, Bangalore",12.9264752,77.548707
126,"9/1, Behind BMS College Hostel, Hanumantha Nagar, Banashankari, Bangalore",12.9402579,77.5627503
127,"24, Next to Roti Ghar, Gandhi Bazaar Main Road, Basavanagudi, Bangalore",12.9448389,77.5696302
128,"Rashtriya Vidyalaya Road, Basavanagudi, Bangalore",12.9416425,77.5779468
129,"855/A, 5th A Cross,10th Main Road, Srinivasanagar, Towords Maruthi Circle, Banashankari, Bangalore",12.939082,77.5553863
130,"11/2, Old Market, V V Puram, Basavanagudi, Bangalore",12.9514066,77.5751432
131,"1779, 14th Main, Kumaraswamy Layout, Bangalore",12.9058653,77.5608278
132,"224/Y, 100 Feet Ring Road, 7th Block, 3rd Stage, Banashankari, Bangalore",12.9236871,77.5517825
133,"2, Old 36, 8th F Main, 3rd Block, Jayanagar, Bangalore",12.9328379,77.5814359
134,"766/25-01, 47th A Cross, Near Sangam Circle, Adarsh Gardens Apartments Road, 8th Block, Jayanagar, Bangalore",12.9161721,77.5753264
135,"1766, 14th Main, 1st Stage, Kumaraswamy Layout, Bangalore",12.9070322,77.5615897
136,"Opposite BNM School, Near BDA complex, Banashankari, Bangalore",12.9231963,77.5687213
137,"728/1, 14th Main Road, 1st Stage, Kumaraswamy Layout, Bangalore",12.9059542,77.5607431
138,"416, 24th Cross, 9th Main, 2nd Stage, Banashankari, Bangalore",12.923646,77.5672418
139,"4009, 80 Feet Road, 4th Phase, Banashankari, Bangalore",12.9351393,77.5451528
140,"12, Old 387, Market Road, V.V.Puram, Basavanagudi, Bangalore",12.9436657,77.5707256
141,"6th C Main, 4th Block, Jayanagar, Bangalore",12.9298357,77.5794085
142,"1771, 14th Main Road, 1stage, Kumaraswamy Layout, Bangalore",12.9070974,77.5614673
143,"1424, 14th Main Road, 1st Stage, Kumaraswamy Layout, Bangalore",12.9086229,77.5618279
144,"7/1, Behind BMS College Hostel, Hanumantha Nagar, Banashankari, Bangalore",12.9395036,77.5627534
145,"19, V.V.puram National School Road, Basavanagudi, Bangalore",12.9500002,77.5739165
146,"1st Floor, GR Plaza, DVG Road, Near Gandhi Bazaar circle, Basavanagudi, Bangalore",12.9442427,77.5687563
147,"1763, Near Swathi Nursing Home, 14th Main Road, 1st Stage, Kumaraswamy Layout, Bangalore",12.9073514,77.5617425
148,"31/1, Puttalingaiah Road, Second Stage, Bangalore, Banashankari, Bangalore",12.918549,77.5577302
149,"80 Feet Road, Hosakerehalli Cross, B S K 3rd Stage, Banashankari, Bangalore",12.9325658,77.5430007
150,"17, Ground Floor, Near Big Bazar, 100 Feet Ring Road, 3rd Stage, Banashankari, Bangalore",12.9249185,77.5490342
151,"2469, 21st Cross, Near BDA Complex, 2nd Stage, Banashankari, Bangalore",12.9112192,77.5855613
152,"197/F, 8th B Main, 27th Cross, 3rd Block, Jayanagar, Bangalore",12.9310074,77.5806714
153,"26/3, Bugle Rock Road, Gandhi Bazaar, Basavanagudi, Bangalore",12.943834,77.5676293
154,"97, Opposite Jain College, Kavi Lakshmisha Road, VV Puram, Basavanagudi, Bangalore",28.5485253,77.2749852
155,"1/4, Nisha Complex, KR Road, Near National College, Basavanagudi, Bangalore",12.9475382,77.5717431
156,"9/63, 1st C Main Road, Kathreguppe, Vivekananda Nagar, Banashankri, Bangalore",12.9330706,77.5528674
157,"1, Kathriguppe Main Road, 3rd Stage, Banashankari, Bangalore",12.9255818,77.5476948
158,"Cosmopolitan Club, 22nd Cross, 3rd Block, Jayanagar, Bangalore",12.9331708,77.5838543
159,"615/1, 10th C Main,32nd Cross Road ,Janardhan Mansion, 4th Block, Jayanagar, Bangalore",12.9272892,77.5829898
160,"1112, Next KIMS Medical College, 17th Cross, 2nd Stage, Banashankari, Bangalore",12.9277239,77.5599005
161,"1/2, Opposite Indian Oil Petrol Bunk, 1st Cross, Kaderanhalli Crossroad, Subramanyapura Main Road, Padmanabhanagar, Uttarahalli, Bangalore",12.9098005,77.5480794
162,"Pavanashree Nilayam, 7 Block, Banagirinagara, Banashankari, Bangalore",12.9240652,77.5583083
163,"1328, 50 Feet Main Road, 1st Stage, Kumaraswamy Layout, Bangalore",12.9091756,77.5608782
164,"31, 2nd Cross, Teacher's Colony, JP Nagar Post, Dayanand College Road, Kumaraswamy Layout, Bangalore",12.9119459,77.5648019
165,"52, Dayanand Sagar College Road, Teachers Colony, Near ICICI Bank ATM, Bangalore East, Bangalore Urban Karnataka, Kumaraswamy Layout, Bangalore.",12.906918,77.557454
166,"359/38,Next to Fabindia, 7th Cross, 1st Block, Jayanagar, Bangalore",12.9382822,77.5842836
167,"Shop 197, Ground Floor, Gokul Niwas, North Main Road, Rajyotsavanagar, 2nd Stage, Kumaraswamy Layout, Bangalore",12.9176507,77.5489879
168,"415, 9th Main, 24th Cross, 2nd Stage, Banashankari, Bangalore",12.9233198,77.5678607
169,"433/30/1, 28th Cross, 10th Main, Opposite BDA Complex, 4th Block, Jayanagar, Bangalore",12.9300227,77.5828448
170,"382/71/4, 11th Main, 3rd Block, Jayanagar, Bangalore",12.9310332,77.5837626
171,"54, Sri Durga Avenue, 3rd Floor, 33rd Cross Road, Opp. Navarathan, Jewe, Jayanagar, Bangalore",12.9262139,77.5821038
172,"2nd Floor, Garla Garnet, 9th Main, 4th Block, Jayanagar, Bangalore",12.926596,77.5816743
173,"126, Near Ganesha Temple, 7th Main, 4th Block, Jayanagar, Bangalore",12.9292332,77.5801211
174,"6, Shakambari Nagar, 1st stage, JP Nagar, Bangalore",12.912107,77.5722881
175,"81, 36th Cross Road, 5th Block, Jayanagar, Bangalore",12.9232992,77.5791818
176,"616/2, 31st Cross, 10th A Main Road, 4th block, Jayanagar, Bangalore",12.9289748,77.5827245
177,"66/1, Kanakpura Road, Basavanagudi, Bangalore",12.9406093,77.5742767
178,"173, DSI college Road, Kumaraswamy Layout, Bangalore",12.9072339,77.5633803
179,"1, Corporation Market, Gandhi Bazar, Basavanagudi, Bangalore",12.9459724,77.5685328
180,"Satellite Bus Stand, KSRTC, Mysore Road, Bangalore",12.9524713,77.5414415
181,"5, Mallariah Complex, Near Corporation Bank, Gandhi Nagar, Basavanagudi, Bangalore",12.944213,77.5704191
182,"144/1, 2nd Main Road, 2nd Block, Thyagaraja Nagar, Basavanagudi, Bangalore",12.934074,77.5660474
183,"60/1, East Anjaneya Temple Road, Basavanagudi, Bangalore",12.9392481,77.5681993
184,"3/1 , Opposite Krishna Rao Park, Kanakapura Road, Basavanagudi, Bangalore",12.9418183,77.5730591
185,"335, KR Road, Shastri Nagar, Yediyur, Jayanagar, Bangalore",12.9317981,77.5712659
186,"1/A, 3rd Main, 7th Cross, Kattebalag, Narasimharaja Colony, Basavanagudi, Bangalore",12.9583874,77.5121983
187,"9, Canara Bank Colony, Opposite Chikkalsandra Post Office, Main Road, Uttarahalli, Bangalore",12.9087994,77.5470158
188,"Sri Balaji Complex, 339/3, Kuvempu Nagar, Next to Bus Stand, Mysore Road, Bangalore",12.619139,76.818328
189,"609, 10th A Main Road, 4th Block, Jayanagar, Bangalore",12.9280272,77.583017
190,"121, DVG Road, R.M Complex, Basavanagudi, Bangalore",12.9424235,77.5688654
191,"119, 5th Cross, Teachers Colony, Kumaraswamy Layout, Bangalore",12.9112199,77.5645541
192,"186, 16th Main, 24th Cross, 2nd Stage, Banashankari, Bangalore",12.9239572,77.5643401
193,"139, Behind Police Station, 72nd Cross, Kumaraswamy Layout, Bangalore",12.9051954,77.5606649
194,"22nd Cross, New Diagonal Road, Opposite N MKRV Womens College, 3rd Block, Jayanagar, Bangalore",12.9326402,77.5797844
195,"28th Main, 8th Block, Jayanagar, Bangalore",12.9202082,77.5734041
196,"Next To BMTC Bus Stand, Banashankari, Bangalore",12.9175832,77.5707206
197,"376, 1st Floor, Tripura Arcade, MK Puttalingaiah Road, Above SBI Bank, Banashankari, Bangalore",18.6713642,80.4494317
198,"632/A, 24th Cross, 2nd Stage, Banashankari, Bangalore",12.9244096,77.5631098
199,"13, 27th B Cross, 10th Main, Opposite BWSSB Water Tank, Geetha Colony, 4th Block, Jayanagar, Bangalore",12.9302698,77.5832269
200,"126, Opposite Police Station, 7th Main, 4th Block, Jayanagar, Bangalore",12.9284022,77.5793476
201,"2/1,7th Main, Dwarakangar Hosakerehalli, Banashankari, Bangalore",12.9277922,77.5373103
202,"9/2, South End Main Road, Next to Surana College, Basavanagudi, Bangalore",12.9364259,77.5760811
203,"11/4, Old Market Road, V V Puram, Basavanagudi, Bangalore",12.95144,77.5751227
204,"433/30/1, 10th Main, 28th A cross, 4th Block, Jayanagar, Bangalore",12.9307705,77.582736
205,"14/38, Shivakrupa, 1st Model House Street, Near Nagasnadra Circle, DVG Road, Basavanagudi, Bangalore",12.9376074,77.569596
206,"147, 27th Cross, 3rd Main, 6th Block, Yediyur, Jayanagar, Bangalore",12.9310513,77.577341
207,"202F, 27th Cross Road, Opposite Sapna Book House, Jayanagar, Bangalore",12.9309256,77.5793314
208,"2, Ashoka Pillar Circle, 2nd Block, Jayanagar, Bangalore",12.9435316,77.5825658
209,"1349, 4th Cross Road, Kilkodungalur, RPC Layout, Vijay Nagar, Bangalore",12.958296,77.5333603
210,"2466, 24th Cross Road, Siddanna Layout, Stage II, Banashankari, Bangalore",12.9243543,77.5633883
211,"412, 1st Cross, Vidyapeeta Road, 3rd Stage, Banashankari, Bangalore",12.9336048,77.5600695
212,"43/2, 100 Feet Road, Kamakya Complex, 3rd Stage, Banashankari, Bangalore",12.9226074,77.5515427
213,Near dayananda sagar college kumarswamy layout,12.906692,77.5622076
214,"The President Hotel, 79/8, Diagonal Road, 3rd Block, Jayanagar, Bangalore",12.933237,77.5810703
215,"#72, 3rd Cross DSI Road, Teachers Colony, Kumaraswamy Layout, Bangalore",12.911682,77.5648343
216,"8/10, Subramanyapura Main Road, Near Royal Mart, Uttarahalli, Bangalore",12.90749,77.544634
217,"287, 1st Floor, 7th Block, 100 Feet Ring Road, Phase 4, Banashankari, Bangalore",12.9064074,77.5956511
218,"23/1, Shop Street Road, Basavanagudi, Bangalore",12.9396936,77.5669929
219,"1st Main Road, Near Katte Balaga, NR Colony, Basavanagudi, Bangalore",12.9379871,77.566539
220,"63, 18th Cross, 3rd Block, Jayanagar, Bangalore",12.934255,77.5785707
221,"24, Subramaniapura Main Road, Uttarahalli, Bangalore",12.9045527,77.5417395
222,"Next To Surana College, South End Circle, Basavanagudi, Bangalore",12.9365233,77.5762333
223,"318, Old market Road V.V.Puram, Basavanagudi, Bangalore",12.9505612,77.5762423
224,"234, 32 A Cross, 2nd Main Road, 7th Block, Jayanagar, Bangalore",12.9268788,77.577129
225,"63/2, 8th Main, 18th Cross, 3rd Block, Jayanagar, Bangalore",12.9349008,77.5807533
226,"1, 5th Main Road, Bull Temple Road, Basavanagudi, Bangalore",12.9573053,77.5645198
227,"81, East Anjaneya Street, NR Colony, Near Basavanagudi, Basavanagudi, Bangalore",12.9411944,77.568259
228,"36/1, 27th Cross, 4th Block, Jayanagar, Bangalore",12.9307262,77.5760825
229,"13, 32nd Cross, 7th Block, Jayanagar, Bangalore",12.9272012,77.5749983
230,"137/4, 8th Main Road, 27th Cross, Jayanagar, Bangalore",12.930953,77.5904721
231,"27, Gandhi Bazaar Main Rd, Basavanagudi, Bangalore",12.9458824,77.5684229
232,"Shubashree Complex, 50 Feet Road, 1st Stage, Hanumanthanagar, Near Girinagar, Banashankari, Bangalore",12.9648597,77.5382253
233,"78, Nagendra Block, Giri Nagar, II Phase, Banashankari,Bangalore",12.9407143,77.5464965
234,"1890, Shetty Gardenia, 9th Main, Kaverinagar, 2nd Stage, Banashankari, Bangalore",12.9188263,77.5665463
235,"1328, 50 Feet Road, Stage 1, Kumaraswamy Layout, Bangalore",12.9091756,77.5608782
236,"23, Kanakapura Road, Near SRS Petrol Pump, Lalbagh West Gate, Basavanagudi, Bangalore",12.943387,77.5749322
237,"534, 49th Cross, 50 Feet Road, Kumaraswamy Layout, Bangalore",12.9057527,77.5563644
238,"23, 7th Main, KSRTC Layout, Chikkalsandra, Main Road, Uttarahalli, Bangalore",12.9091289,77.5470277
239,"1112, 30th Main,Teachers Layout, Next to SBI Bank, 3rd Stage, Banashankari, Bangalore",12.9309036,77.5389035
240,"2nd Cross, JHBCS Layout, Kumaraswamy Layout, Bangalore",12.9405813,77.5660053
241,"186, 24th Cross, 2nd Stage, Banashankari, Bangalore",12.9242188,77.5640109
242,"8th Main Road, Remco Bhel Layout, Ideal Homes Township, Rajarajeshwari Nagar, Bengaluru",12.9255915,77.515776
243,"Pai Viceroy, 1504, 16th Cross, 9th Main, 3rd Block, Jayanagar, Bangalore",12.9359735,77.581644
244,"2465, 2nd Floor, Opposite BDA Complex, 24th Cross, 2nd Stage, Banashankari, Bangalore",12.9241497,77.5628674
245,"30, 8th F Main Road, Jayanagar, Bangalore",12.9313297,77.5813642
246,"2, Subramanyapura, Kadirenahalli Overbridge Junction, 2nd Stage, Banashankari, Bangalore",12.9049575,77.5306857
247,"278, 37th A Cross, 2nd Main, 8th Block, Jayanagar, Bangalore",12.9223467,77.5756742
248,"17,Bull Temple, Road, Basavanagudi, Bangalore",12.9474202,77.5657741
249,"1328, 50 Feet Road, Kumaraswamy Layout, Bangalore",12.9091756,77.5608782
250,"599, 24th Cross, 2nd Stage, Banashankari, Bangalore",12.924005,77.5660713
251,"671,45th Cross, 8th Block, Near Metro Pillar EP 22, Jayanagar, Bangalore",12.9176039,77.5766592
252,"644, 1 B, Main Road, Kanakapura Road, 8th Block, Jayanagar, Bangalore",12.9275907,77.5735031
253,"23/35, 7th Cross, Dwarakanagar, Hosakerhalli, Banashankari, Bangalore",12.9344948,77.5323277
254,"30, 7th Cross, Dwaraka Nagar, Banashankari, Bangalore",12.928708,77.5598315
255,"940, 20th Main, Opposite South Entrance, BDA Complex, Banashankari, Bangalore",12.9256642,77.5627811
256,"Sri Chakravarthi Complex, Sajjan Rao Circle, V.V. Puram, Basavanagudi, Bangalore",12.9524545,77.575125
257,"45, 6th C Main Road, 4th Block, Jayanagar, Bangalore",12.9303521,77.5794035
258,"269, JHBCS Layout, 2nd Main Road, Teacher's Colony, Kumaraswamy Layout, Bangalore",12.910931,77.5623363
259,"344, 50 Feet Road, Dasarhalli, Srinagar, Banashankari, Bangalore",12.9419621,77.5503097
260,"278, 34th Cross Road, 4th Block, Jayanagar, Bangalore",12.925516,77.581401
261,"1616, 50 Feet Main Road, 1st Stage, Kumaraswamy Layout, Bangalore",12.9075916,77.558365
262,"22, 2nd Main Road, National College Road, 7th Block, Jayanagar, Bangalore",12.9245472,77.57636
263,"146, 6th C Main Road, 1st Block, Jayanagar, Bangalore",12.9289482,77.579478
264,"54, Rashtriya Vidyalaya Road, 2nd Block, Basavanagudi, Bangalore",12.9444969,77.5777637
265,"34/1, 2nd & 3rd Floor, 36th Cross, 6th Main, 4th Block, Jayanagar, Bangalore",12.9235464,77.5792325
266,"183/28, 2nd Main Road, 36th B Cross, 7th Block, Jayanagar, Bangalore",12.924209,77.5758797
267,"60/2, Sajjan Rao Circle, V V Puram, Basavanagudi, Bangalore",12.9521468,77.5749526
268,"12, Ground Floor, R V Road, Near Southend Metro Station, Basavanagudi, Bangalore",28.5485253,77.2749852
269,"49, South End Road, Nagasandra Circle, Basavanagudi, Bangalore",12.9368143,77.5701053
270,"91/1, Ganesh Mahal Building, Sirsi Road, Chamarajpet, Basavanagudi, Bangalore",12.9613127,77.5599954
271,"Jain Temple Street, V.V.Puram, Basavanagudi, Bangalore",12.9508426,77.5723124
272,"21,National High School Road,VV Puram, Basavanagudi, Bangalore",12.9489361,77.5753024
273,"11/3, Old Market Road, V V Puram, Basavanagudi, Bangalore",12.9514233,77.575133
274,"22nd Cross, 22nd Main Road, 2nd Stage, Near BDA Complex, Banashankari, Bangalore",12.925115,77.5626569
275,"198, 2nd Block, 3rd Stage, Outer Ring Road, Banashankari, Bangalore",28.5485253,77.2749852
276,"63, 1st Floor, Kanakapura Road, Basavanagudi, Bangalore",12.946506,77.5744253
277,"27, 27th Cross, 1st Floor, Kadamba Complex, 2nd Stage, Banashankari, Bangalore",12.9216202,77.5679195
278,"1111, Near KIMS, 30th Main Road, Siddanna Layout, Stage 2, Banashankari, Bangalore",12.9277965,77.5597557
279,"Dayanandasagar College Road, Teachers Colony, Kumaraswamy Layout, Bangalore",12.9092421,77.5642293
280,"D/25, 2nd Main, 260 Mysore Road Tollgate, Opposite Gopalan Mall, Mysore Road, Bangalore",28.5485253,77.2749852
281,"75, 21st Main Road, Siddanna Layout, 2nd Stage, Banashankari, Bangalore",12.9255932,77.562254
282,"272, 14th Cross Road, Yediyur, Jayanagar, Bangalore",12.9296364,77.5707087
283,"15, 1st Main, Kariyappa Road, Basavanagudi, Bangalore",12.9363076,77.5731534
284,"742, 50 Feet Rd, Raghavendra Block, Banashankari 3rd Stage, Banashankari, Bangalore",12.9419711,77.5501154
285,"50/51, 8th F Main, 3rd Block, Jayanagar, Bangalore",12.9312149,77.5813492
286,"7th Main Road, 4th Block, Jayanagar East, Bangalore",12.9260475,77.579891
287,"16, Sri Banashankri Arcade, Opposite GSI Building, Kumaraswamy Layout, Bangalore",12.9304132,77.5382239
288,"52 ,Dayanad Sagar College Road, Teachers Colony, Kumaraswamy Layout, Bangalore",12.9115501,77.564944
289,"57, Kadirenahalli Road, Banashankari, Bangalore",12.916499,77.5582062
290,"2465, 24th Cross, 2nd Stage, Banashankari, Bangalore",12.9241759,77.5628283
291,"142/1,Surveyor Street, Gandhi Bazaar, Basavanagudi, Bangalore",12.947582,77.5668822
292,"32, 22nd Cross, 22nd Main, 2nd Stage, Near BDA complex, Banashankari, Bangalore",12.9257619,77.5621361
293,"83/5,4th Cross. 50 Feet Road,1st Stage, Kumaraswamy Layout, Bangalore",12.9103513,77.5622841
294,"615, Janardhan Mansion, 32nd D Cross Road, 10th C Main Road, 4th Block, Jayanagar, Bangalore",12.9272892,77.5829898
295,"DLF Westend Heights, Akshaya Nagar, Bannerghatta Road, Bangalore",12.8800504,77.6214786
296,"80, 2nd Main,1st Cross, 2nd Stage, BTM, Bangalore",12.9149377,77.6045936
297,Delivery Only,28.5485248,77.2749852
298,"225-226, Above Canara Bank, Arakere Gate, Bannerghatta Road, Bangalore",12.8893082,77.5949076
299,"10/1, 17th Cross, 26th Main, Murthappa Garden, 6th Phase, JP Nagar, Bangalore",12.902194,77.5829303
300,"Oppst Royal Meenakshi Mall, Hulimavu, Bannerghatta Road, Bangalore, Bengaluru",12.8756688,77.5930979
301,"1065/A, 5th Cross, 13th Main, Vijaya Bank Layout, Bannerghatta Road, Bangalore",28.5485253,77.2749852
302,"No. 267, Near Ayyappa Swamy Temple, MSRS Nagar, Vijaya Bank Layout, Bilekahalli, Bannerghatta Road, Bangalore",28.5485253,77.2749852
303,"Nanjundappa Building, 3, 1st Cross Road, Rama Krishnappa Layout, Bannerghatta Road, Bangalore",28.5485253,77.2749852
304,"Club House, SNN Raj Serenity Apartment, Main Begur Road, Yelnahalli Village, Bannerghatta Road, Bangalore",12.8590643,77.6120091
305,"Arjun Aura Apartment, Vijaya Bank Layout, Bannerghatta Road, Bangalore",12.8951715,77.6081492
306,"973, 6th Cross, Vijaya Bank Layout, Bannerghatta Road, Bangalore",12.8915831,77.6059387
307,"24, Bannerghatta Main Road, Himagiri Meadows, Gottigere, Bannerghatta Road, Bangalore",12.8609029,77.5887421
308,"19, Jalaram Industrial Estate, Opposite Food World, Arakere Gate, Bannerghatta Road, Bangalore",12.8911248,77.5960716
309,"3, 1st Cross, Kalyani Kala Mandir, Bannerghatta Road, Bangalore",28.5485253,77.2749852
310,"9/10/9 2nd Floor, Opposite SBI Bank, DLF Road, Bhagyalakshmi Avenue, Bannerghatta Road, Bangalore",12.8583802,77.5820185
311,"16th Mian Road, 2nd Stage, BTM, Bangalore",28.5485253,77.2749852
312,"Near Vijayashree Hospital, Jyothi Nagar, Bohra Layout, Gottigere, Bannerghatta Road, Bangalore",12.8580362,77.5877224
313,"200, 1st Main, 6th Cross, MICO Layout, Off Bannerghatta Road, Bangalore",12.8395271,77.5866726
314,"362, N V Building, Gotiigere, Bannerghatta Road, Bangalore",12.8551283,77.5914115
315,"4th Floor, Royal Meenakshi Mall, Hulimavu, Bannerghatta Road, Bangalore",12.8758585,77.5934773
316,"Food Parade, Spar Hyper Market, Near Dairy Circle, Bannerghatta Road, Bangalore",12.9301565,77.5986825
317,"Shop 27/6, Vishweswaraiah Road, Near Sai Baba Temple, BTM 6th Stage Off, Bannerghatta Road, Bangalore",12.8395271,77.5866726
318,"23, 5th Cross, Satya Sai Layout, Kodichikannahalli Main Road, Bannerghatta Road, Bangalore",12.895456,77.5215123
319,"204, Panduranga Nagar, Opposite HSBC, Bannerghatta Road, Bangalore",12.8922574,77.5963643
320,"204, Sri Lakshminarayan Complex, Pandrunga Nagar, Bannerghatta Road, Bangalore",12.8920398,77.5966615
321,"30, Syndicate Bank Colony, Next to BPL Arkere, Bannerghatta Road, Bangalore",12.8844841,77.5940396
322,"9/1, 1st Floor, Bilekahalli, Bannerghatta Road, Bangalore",12.8478761,77.5362183
323,"QSR -1, 3rd Floor, Food court, Vega City Mall, Bannerghatta Road",12.9077453,77.5988954
324,"225/226, Omkar Nagar, Arkere, Bannerghatta Road, Bangalore",12.8417834,77.5739297
325,"Arakere, Chamundeshwari Layout, Near Mariyamma Temple, Bannerghatta Road, Bangalore",12.8607894,77.5548214
326,"33, 34, 1st Floor, Muthurayaswamy Layout, Hulimavu, Bannerghatta Road, Bangalore",12.8724587,77.5917171
327,"Akshay Nagar, Bannerghatta Road, Bangalore",12.8395271,77.5866726
328,"5, 1st Floor, Opposite Sana Supermarket, Vijaya Enclave, Vijaya Bank Layout, Bilekhalli, Bannerghatta Road, Bangalore",12.895262,77.6089673
329,"DLF City Road, Near Sai Baba Temple, Arekere, Bannerghatta Road, Bangalore",12.8819274,77.6070797
330,"16, Shop 03, Ground Floor, SriKrishna Building, Arekere Main Road, Bannerghatta Road, Bangalore",12.8905412,77.5959579
331,"Doddakammanahalli Main Road, Near Aikya Apartment, Next to Chef & Butcher, Bannerghatta Road, Bangalore",12.869234,77.5954273
332,"102, Bannerghatta Main Road, Himagiri Meadows, Kalena Agrahara, Bannerghatta Road, Bangalore",12.8623732,77.5884946
333,"Opposite Ranka Colony, Bilekahalli, Bannerghatta Road, Bangalore",12.9014286,77.5988104
334,"Third Floor, Royal Meenakshi Mall, Bannerghatta Road, Bangalore",12.8760026,77.5934431
335,"156, Hulimavu Lake Road, Krishna Layout, Hulimavu, Bannerghatta Road, Bangalore",12.8802845,77.6012712
336,"85/3, Chamundeshwari Layout, Arekere , Near Paramount Pilatus, Bannerghatta Road, Bangalore",12.8396051,77.5767958
337,"375/9, Opposite DLF Newtown, Besides Corporation Bank, Akshaya Nagar, Bannerghatta Road, Bangalore",12.875877,77.6148337
338,"Someswar Layout, Vijaya Bank Layout, Bilekahalli, Bannerghatta Road, Bangalore",12.7942851,77.6186244
339,"Plot 37/5AP, 1st Floor, Mylasandra Cross Road, Bannerghatta Road, Bangalore",12.870124,77.6218873
340,"5th C Cross, 15th Main Road, Mahadeshwara Nagar, 2nd Stage, BTM, Bangalore",12.9108079,77.60733
341,"BVS Complex, Billekahalli Main Road, Bannerghatta Road, Bangalore",12.9004155,77.5989793
342,"Food Parade, Spar Hypermarket, Bannerghatta Road, Bangalore",12.9301565,77.5986825
343,"Near Meenakshi Mall, Bannerghatta Road, Bangalore",12.8762611,77.5935285
344,"15, 24th Main Road, Ayodya Nagar, 5th Phase JP Nagar",12.900688,77.5834803
345,"F-Main, Shantiniketan Layout, Hulimavu, Bannerghatta Road, Bangalore",12.8560985,77.5381762
346,"805 A, 3rd Floor, 7th Cross, 2nd Stage, BTM Layout, BTM, Bangalore",12.9140017,77.6067167
347,"1&2 Pai Layout, Hulimavu, Bannerghatta Main Road, Next to Christ University, Bannerghatta Road, Bangalore",12.8778133,77.5936108
348,"1065, 13th Cross, 6th Main, Kodichikanahalli, Vijay Bank Colony, Bannerghatta Road, Bangalore",28.5485253,77.2749852
349,"205, Sundar Ram Shetty Nagar, Bilekahalli, Bannerghatta Road, Bangalore",12.8933991,77.5984056
350,"16, Survey Number 13, Omkar Nagar, Arekere, Bannerghatta Road, Bangalore",28.5485253,77.2749852
351,"949, 2nd Floor, 24th Main, 2nd Phase, JP Nagar, Bangalore",12.9149579,77.5838325
352,"26, 16th Cross, 5th Phase, 100ft Ring Road, Opposie Canara Bank, JP Nagar, Bangalore",12.9058875,77.5878472
353,"1092, Murudewar Building,4th Floor,Opposite Mega Mart,9th Block, Jayanagar, Bangalore",12.9166921,77.5921899
354,"G-2, Ground Floor, Next To Ample Mart, Begur Hulimavu Road, Akshay Nagar, Bannerghatta Road",12.8762517,77.6147538
355,"204, Opposite HSBC Bank, 11th KM Stone, Bilekahalli, BG Road, Bannerghatta Road, Bangalore",12.8921832,77.5963849
356,"Food Court, Central Shopping Mall, 45th Cross, 2nd Phase, JP Nagar, Bangalore",12.91218,77.589119
357,"5th Phase, JP Nagar, Bangalore, Bengaluru",12.9009763,77.584761
358,"1065 B, 5th Cross, Vijaya Bank Layout, Bilekahalli, Bannerghatta Road, Bangalore",12.8938241,77.6087321
359,"JP Nagar, Bengaluru",12.8896959,77.5430398
360,"Number 6/A, Chunchgatta, JP Nagar 7th Phase",12.891498,77.5724013
361,"63, 7th Cross , 24th Main, 2nd Phase, JP Nagar, Bangalore",12.9022921,77.5698161
362,"No 173, Munivenkatappa Layout, Bilekahalli, Opp Ranka Colony, Bannerghatta Road",12.9034988,77.60018
363,"19, Jalaram Estate, Arekere, Opposite Food World, Bannerghatta Road, Bangalore",12.8900617,77.5956305
364,"B-5, Hermain Complex, 16th Main, 2nd Stage",12.9060498,77.5902667
365,"Opposite Reliance Mart, Bannerghatta Road, Bangalore",12.8909633,77.5955451
366,"427, Ground Floor, 7th Main, 7th Cross, BTM Layout, Bangalore",12.9134995,77.6041398
367,"139, 24th Main, 2nd Cross, 2nd Phase, JP Nagar, Bangalore",12.9139651,77.5836878
368,"766/A, 16th Main, BTM, Bangalore",12.912911,77.6076683
369,"70/71, Seetharam Complex, Bilekahalli, Bannerghatta Main Road, Bannerghatta Road, Bangalore",12.8973441,77.5976946
370,"47/1, 9th Main, 1st Cross, 3rd Phase, JP Nagar, Bangalore",12.9106727,77.5969522
371,"Behind Ayyappa Swamy Temple, 4th Main link Road, Coconut Garden St, Madiwala, 1st Stage, BTM Layout 1, Bengaluru, Karnataka 560068",12.9224958,77.615051
372,"#75/A, 24th Main, 6th Phase JP Nagar, Bangalore, Bengaluru",12.9170017,77.5835598
373,"Chamundeshwari Layout, Arekere, Near Mariyamma Temple, Bannerghatta Road, Bangalore",12.8856954,77.6002243
374,"309, 15th Cross, 100 Feet road, 5th Phase, JP Nagar, Bangalore",12.9060905,77.5906738
375,"Sarakki Signal, Kanakapura Road, 6th Phase, JP Nagar, Bangalore",12.906951,77.5710983
376,"17, Shop 2, Opposite RBI Layout, 7th Phase, JP Nagar, Bangalore",12.8916849,77.5720333
377,"7th Main Road, 2nd Stage, BTM, Bangalore",12.9116702,77.6041743
378,"18/2, Opposite To Reliance Mart, Arakere Gate, Bannerghatta Road, Bangalore",12.8909633,77.5955451
379,"55, Goenka Chambers, Jeevan Griha Colony, 19th Main, Phase 2, JP Nagar, Bangalore",12.9066458,77.5874349
380,"House 86, Ground Floor 3rd cross 1st Main N.S. Palya, Behind Shoppers Stop, BTM Layout, BTM 2nd stage Bangalore",28.5485253,77.2749852
381,"726/A, 24th Main Road, 6th Phase, JP Nagar, Bangalore",28.5485253,77.2749852
382,"8, 19th Cross, 7th Main, BTM Layout, 2nd Stage, BTM, Bangalore",12.9072019,77.6037717
383,"312, 2nd Floor, 15th Cross, 100 Feet Road, 5th Phase, JP Nagar, Bangalore",12.9064696,77.5798826
384,"41, Near Royal School, 24th Main, JP Nagar, Bangalore",12.8968364,77.5789266
385,"1, 5th Cross Oppsite Ever Fine Super Market, RBI Layout, JP Nagar, Bangalore",12.8903426,77.5798172
386,"298, 24th Main, 6th Phase, Opposite IDBI Bank, JP Nagar, Bangalore",12.9037442,77.5836997
387,"17, Opposite to Royal High School, 24th Main, Brigade Millennium Road, JP Nagar, Bangalore",12.9001857,77.5834218
388,"312, 15th cross, 5th phase, JP Nagar, Bangalore",12.9062253,77.5909846
389,"303, USR, 1st Main Road, 7th Phase, Lakshmi Nagar, JP Nagar, Bangalore",12.8873184,77.5693203
390,"48/58, Shivani Building, Beside Indian Oil Petrol Pump, Puttenahalli Road, 7th Phase, JP Nagar, Bangalore",12.8955799,77.5796557
391,"41/A, Raviranga Nilayam, 2nd Main, 3rd Cross, Vasantha Vellapa Nagar, 7th Phase, JP Nagar, Bengaluru",28.5485253,77.2749852
392,"161, Devarachikkanahalli Main Road, SR Naidu Layout, Seenappa Layout, Hongasandra, Bommanahalli, Bangalore",12.8942956,77.6180734
393,"28, 7th Main Road, 2nd Stage, BTM, Bangalore",12.9060271,77.6036678
394,"5, SSAR Towers, Opposite Royal School, 24th Main Road, 5th Phase, JP Nagar, Bangalore",12.9000171,77.5835581
395,"20, 6th Cross, 4th A Main, N.S Palya, Dollors Colony, BTM 2nd Stage, Bangalore, BTM, Bangalore",12.9055824,77.6022214
396,"135/5, 15th Cross, 3rd Stage, JP Nagar, Bangalore",28.5485253,77.2749852
397,"634, Near Delmia Circle, 13th Cross, 8th Main, 2nd Stage, JP Nagar, Bangalore",12.9070088,77.5928754
398,"725, 1st Floor, 24th Main, 17th Cross, JP Nagar, Bangalore",12.905738,77.583542
399,"9A, 2nd Floor, 24th Main, 6th Phase, JP Nagar, Bangalore",12.9069688,77.5791294
400,"29th Main Road, EWS Colony, Stage 2 Bengaluru, Karnataka",12.9092,77.6118711
401,"24th Main Road, 18th Cross, 5th Phase, JP Nagar, Bangalore",12.9053493,77.5790043
402,"41, 7th Main Road, New Extension, Abbaappa Layout, 2nd Stage, BTM, Bangalore",12.9091653,77.6042434
403,"4, Sai Arcade,1st Floor, Wilson Garden Society, Kothnur Main Road, 7th Phase, JP Nagar, Bangalore",12.890022,77.5798074
404,"251/1009, Near Vijaya Bank Layout, Bilekahalli, 4th Stage, BTM, Bangalore",12.8924485,77.6095909
405,"910, 5th Cross Road, Vijaya Bank Layout, Bilekahalli,BTM, Bangalore",12.8922786,77.6076477
406,"44/1/A,1st, Cross,16th Main, 2nd Stage, BTM, Bangalore",12.9091742,77.6060261
407,"114/512, Kothanur Main Road, 7th Phase, JP Nagar, Bangalore",12.8981265,77.5804296
408,"333, 4th Cross, Kothnor Dinne Main Road, Nrupathunga Nagar, 8th Phase, JP Nagar, Bangalore",12.8772345,77.5801901
409,"1, 33rd Main Road, 6th Phase, JP Nagar, Bangalore",12.9055892,77.5781504
410,"Near Big Bazaar, Kothnur Village Main Road, Nataraja Layout, Gaurav Nagar, 7th Phase, JP Nagar, Bangalore",12.9018271,77.5676699
411,"31, 7th Phase, JP Nagar, Bangalore",12.8948394,77.5763663
412,"487, Ground Floor, 16th Cross, 4th Phase, JP Nagar, Bangalore",12.9059157,77.595293
413,"7th Cross, MICO Layout, BTM 2nd Stage, BTM, Bangalore",12.9136374,77.6035995
414,"28, 7th Main, 6th Cross, NS Palya, BTM Layout Bangalore, BTM, Bangalore",12.9063925,77.604441
415,"6th Phase, 6th CRS Bangalore, JP Nagar, Bangalore",12.9089207,77.5743783
416,"15th Cross Road, 4th Phase, JP Nagar, Bangalore",12.9064074,77.5956511
417,"2A/16, 22nd Main, Mosque Road, Vinayakanagar, JP Nagar, Bangalore",12.9986355,77.613303
418,"203, Nanjundeshwara Layout, 5h Phase, JP Nagar, Bangalore",12.9021221,77.5886357
419,"11, 2nd Floor, 14th Main, Puttenahalli Road, Kothnur Main Road, Beside Brigade Millenium, 7th Stage, JP Nagar, Bangalore",12.8932871,77.5797085
420,"#23 C, 7th Main road, 2nd Stage, BTM, Bangalore",12.9091347,77.6042687
421,"Vaibhavi Complex, 4th Main, NS Palya, 2nd Stage, BTM, Bangalore",12.908793,77.6014423
422,"9th Cross, 3rd Phase, Opposite to Sneha Dentel Care, JP Nagar, Bangalore",12.910253,77.5955273
423,"3rd Floor, Vega City Mall, Jedi Mara Circle, Bannerghatta Road, Bangalore 560 076.",12.9077453,77.5988954
424,"795, 8th Main, 3rd Phase, JP Nagar, Bangalore",12.9116446,77.5913004
425,"26/2, Dodda Kammanahalli, Bannerghatta Road, Bangalore",12.8637122,77.594524
426,"Near Royal Meenakshi Mall, Bannerghatta Road, Bangalore",12.8760026,77.5934431
427,"Shop 31, Ground Floor, R R Complex, Begur Hulimavu Road, Opposite Village Hypermarket, Akshay Nagar, Bannerghatta Road, Bangalore",12.8762139,77.6136923
428,"1, CVS Reddy Building, Arakere Main Road, Near Muthut Finance, Bannerghatta Road, Bangalore",12.882888,77.6080043
429,"14, Tank Shore Road, Kuvempu Nagar, Stage 2, BTM Layout, Bangalore",12.9124682,77.61361
430,"242, 7th Main, Mico Layout, BTM, Bangalore",12.9149739,77.6039317
431,"21, 22, Saifee Apartment, 5th Cross, 22nd Main, Near Rizwan Mazjid, Vinayaka Nagar, 5th Phase, JP Nagar",12.8988939,77.5843704
432,"1599, Begur Cross, Devarachikanahalli Main Road, Bommanahalli, Bangalore",12.8894387,77.6181528
433,"Dr BR Ambedkar Road, Ramanashree Enclave,Behind Shanthiniketan School, Billekahalli, Bannerghatta Road, Bangalore",12.9007511,77.6062772
434,"1st Cross Road, Panduranga Nagar, Bannerghatta Road, Bengaluru",12.89296,77.5920411
435,"Hotel Crystal Castle, 294/10, 24th Main, 5th Phase, JP Nagar, Bangalore",12.9031891,77.5837484
436,"1346, Marenahalli Road, KSRTC Layout, Near Bangalore Central Mall, 2nd Phase, JP Nagar, Bangalore",28.5485253,77.2749852
437,"6, 1st Cross, 2nd Main Road, Navodaya Nagar, 7th Phase, JP Nagar, Bangalore",12.8943158,77.5787121
438,"Number 63, 1551, 7th Cross Road, RK Colony, Near Post Office, JP Nagar, Bangalore",12.9118616,77.5848268
439,"Shop 1, Site 23/4, Chamundeshwari Complex, Chamundeshwari Layout, Shanthinikethan Main Road, Arekere, Bannerghatta Road, Bangalore",12.8853382,77.5984124
440,"295, 21st Main, 3rd Cross, 2nd Stage, BTM, Bangalore",12.9145878,77.6102194
441,"18, 7th Main Road, NS Palya, Stage 2, BTM, Bangalore",28.5485253,77.2749852
442,"7, Near RTO, Opposite Nano Hospital, 80 Feet Road, Bannerghatta Road, Bangalore",12.8810419,77.608017
443,"71, 1st Main Road, Panduranga Nagar, Doresanipalya Ward, Bannerghatta Road, Bangalore",12.9072955,77.5971888
444,"Mahadheshwara Swami Nilaya, 1/2, 1st Floor, DLF Circle Main Road, Near Akshaynagar, Yelenahalli, Bannerghatta Road, Bangalore",12.7942851,77.6186244
445,"No. 4, Arakere Village, Begur Hobli,Bannerghatta Road, opp. Reliance mart, Bengaluru-560078",12.8907315,77.5962721
446,"Ground Floor, Gopalan Innovation Mall, Bannerghatta Road, Bangalore",12.9070767,77.5887545
447,"DLF Newton, Akshay Nagar, Bannerghatta Road, Bangalore",12.8395271,77.5866726
448,"13, Arekere Gate, Bannerghatta Road, Bangalore",12.8896557,77.598795
449,"Food Court, Royal Meenakshi Mall, Bannerghatta Road, Bangalore",12.8760026,77.5934431
450,"10, Ground Floor, Arakere Gate, Bannerghatta Road, Bangalore",12.8900162,77.5958579
451,"Akshayvana Complex, Akshay Nagar Main Road, Near DLF, Bannerghatta Road, Bangalore",12.7942851,77.6186244
452,"QSR -1, 3rd Floor, Vega City Mall, Bannerghatta Road, Bangalore",12.9077453,77.5988954
453,"3rd Floor, Royal Meenakshi Mall, Hulimavu, Bannerghatta Road, Bangalore",12.8760026,77.5934431
454,"Location Varies, Bangalore",12.9538477,77.3507362
455,"4th Floor, Royal Meenakshi Mall, Bannerghatta Road, Bangalore",12.8758585,77.5935501
456,"Mantri Elegance, BTM 2nd Stage, NS Palya, Bannerghatta Road, Bangalore",12.9126796,77.5994894
457,"15, Ground Floor, 24th Main Road, JP Nagar, Bangalore",12.9051016,77.5732438
458,"690/A, 14th Main, 15th Cross, 2nd Phase, JP Nagar, Bangalore",12.9069213,77.5897258
459,"312, 15th Cross, 5th Phase, JP Nagar, Bangalore",12.9062253,77.5909846
460,"342, 16th Cross Road, 5th Phase, JP Nagar, Bangalore",12.9061417,77.5886202
461,"67, 15th Cross, 3rd Phase, JP Nagar, Bangalore",12.906383,77.5945243
462,"77, 1st Main, Opposite Big Bazaar, 7th Phase, JP Nagar, Bangalore",12.8874677,77.5801636
463,"59/60, Near Big Bazaar, Opposite Appollo Clinic, 7th Phase, JP Nagar, Bangalore",12.8922567,77.5791157
464,"80, 3rd Main Rd, Royal Residency Layout, BTM 4th Stage, Hulimavu, BTM, Bangalore",12.882556,77.608276
465,"Opposite DLF New Town, Akshayanagar, Hulimavu Road, Bannerghatta Road, Bangalore",12.837982,77.5733914
466,"154, Opposite HSBC Bank, Bilekahalli, Bannerghatta Road, Bangalore",12.891506,77.6023893
467,"31, 1st Floor, RR Images, Panduranga Nagar, Near Arakere, Bannerghatta Road, Bangalore",12.8870765,77.5920686
468,"29/2, Fazlan Complex, Next To ICICI Bank, Hulimavu Gate, Bannerghatta Road, Bangalore",12.8824858,77.5937647
469,"389, Opposite to Anand Valmar Apartments, Near Maruthi Dental College, Bannerghatta Road, Bangalore",12.8655061,77.5972771
470,"Opposite AECS Magnolia School, Bannerghatta Road, Bangalore",12.8847665,77.5947618
471,"Opposite Bannerghatta National Park, Bannerghatta Road, Bangalore",12.8009003,77.5755803
472,"500, 3rd Floor, 2nd Block, 2nd Phase, BTM Layout, 6th Stage, Bannerghatta Road, Bangalore",12.911989,77.6000641
473,"Radiant Resort, 17, Mandi Layout, Krishna Reddy Colony, CK Palya Road, Bannerghatta Road, Bangalore",12.841558,77.5881993
474,"Royal Meenakshi Mall, Opposite Hyper City, Bannerghatta Road, Bangalore",12.8759311,77.5934953
475,"95, 4th Cross, Pai Layout, Hulimawu, Bannerghatta Road, Bangalore",12.8799477,77.5980928
476,"36, Akshayanagar, Nyanappanahalli, DLF New Town, Bannerghatta Road, Bangalore",12.8764391,77.6126844
477,"9, Ground Floor, Opposite Royal Meenakshi Mall, Hulimavu, Bannerghatta Road, Bangalore",12.8760026,77.5934431
478,"10, 1st Floor, Opposite Royal Meenakshi Mall, Hulimavu, Bannerghatta Road, Bangalore",12.8763084,77.5935962
479,"174/1, Meu Square, Bannerghatta Road, Bangalore",12.9050047,77.599364
480,"316/B, 80 Feet Road, Shantiniketan Layout, Arekere, Bannerghatta Road, Bangalore",12.883305,77.6052704
481,"4th Floor, Gopalan Innovation Mall, Bannerghatta Road, Bangalore",12.9145292,77.5972235
482,"49, 2nd Cross Road, Industrial Area, Stage 2, Bannerghatta Road, Bangalore",12.9074824,77.5885505
483,"172, Vega Mall City, 3rd Floor, Srinivasa Industrial Estate, Billekahalli, Bannerghatta Road, Bangalore",12.9077944,77.5989626
484,"Ground Floor,Vega City Mall, Bannerghatta Road, Bengaluru",12.9077577,77.5993256
485,"172,Vega Mall City, 3rd Floor, Srinivasa Industrial Estate,Billekahalli, Bannerghatta Road, Bangalore",12.9077453,77.5988954
486,"Number 86, 5th Main, 4th Cross, Arekere MICO Layout, Bannerghatta Road, Bangalore",12.8851917,77.5927283
487,"Near 7 Days Supermarket, Bannerghatta Road, Bangalore",12.7942481,77.4807246
488,"3rd Floor, Gopal Innovation Mall, Bannerghatta Road, Bangalore",12.9147851,77.5972224
489,"39/3 &44, Spar Hypermarket, Bannerghatta Mmain Road, Bannerghatta Road, Bangalore",12.9301565,77.5986825
490,"8, Arikere Gate, Bannerghatta Road, Bangalore",12.8889922,77.6006817
491,"39/3, 44, Auchan Hypermarket, Bannerghatta Road, Bangalore",12.9300793,77.5988284
492,"32, 6th Cross, Bhavaninagar, Bannerghatta Road, Bangalore",12.9307178,77.6007187
493,"56/1, Next to Airtel Office, Stage 1, Bannerghatta Road, Bangalore",28.5485253,77.2749852
494,"41, Hulimavu Gate, Bannerghatta Road, Bangalore",12.881351,77.5936953
495,"31, 4th Cross Road, Panduranga Nagar, Bannerghatta Road, Bangalore",12.8993169,77.5943025
496,"288, NS Palya, Bannerghatta Road, Bangalore",12.9118609,77.5979153
497,"4th Floor, Food Court, Royal Meenakshi Mall, Bannerghatta Road, Bangalore",12.8760026,77.5934431
498,"33/1&35/1, SR Towers, Next to MK Ahmed Super Market, Gotigere, Bannerghatta Road, Bangalore",12.8628353,77.58881
499,"117/1, A, 7th main 11cross, Vijaya Bank Layout, Bannerghatta Road, Bangalore",12.7942851,77.6186244
500,"172, Vega Mall City, 3rd Floor, Srinivasa Industrial Estate,Billekahalli, Bannerghatta Road, Bangalore",12.9077944,77.5989626
501,"73, Opposite IIM Bannerghatta Road, Bangalore",12.8960703,77.599489
502,"Mutrswamy Layout, 8th Cross, Hulimavu, Bannerghatta Road, Bangalore",12.8767147,77.5919912
503,"520, Opposite Vijaya Bank, 1st Main, Arekere, MICO Layout, Bannerghatta Road, Bangalore",12.9082941,77.5994703
504,"C/O, Ingu Thengu 80ft road, Arekere, Near Sai Baba Temple, Bannerghatta Road, Bangalore",12.8829859,77.6065408
505,"28/12/2, 3rd Main Road, Mountjoy Extension, Hanumantanagar, Banashankari, Bengaluru",28.5485253,77.2749852
506,"17, Near BDA Complex, 25th Cross Road, 21st Main, 2nd Stage, Banashankari, Bangalore",12.923991,77.5620735
507,"559, 32nd Cross, 10th A Main, 4th Block, Jayanagar, Bangalore",12.9268327,77.5817013
508,"295, Sri Krishna Complex, 10th Main, 3rd Block, Jayanagar, Bangalore",12.9327285,77.5825171
509,"12, 32nd Cross, 7th Block, Jayanagar, Bangalore",12.9274972,77.574983
510,"92/1, Next to Vodafone Store, Gandhi Bazar Main Road, Basavanagudi, Bangalore",12.9471824,77.5667187
511,"16, 5th B Main, KR Road, Jayanagar, Bangalore",12.9337749,77.5723473
512,"Near National College, 7th Block, Jayanagar, Bangalore",12.936319,77.5672912
513,"459/30, 30th Cross, 4th Block, Jayanagar, Bangalore",12.9289405,77.5906518
514,"998/20, Poornima Complex, First Floor, Service Road, R.P.C. Layout, Vijay Nagar, Bangalore",12.9580539,77.5320366
515,"2/2, Pattalamma Gudi Street, Armugam Circle, Near South End Circle, Basavanagudi, Bangalore",12.9396119,77.5753593
516,"539/49, 9th Cross, Kanakpura Road, 7th Block, Jayanagar, Bangalore",12.9251438,77.5745397
517,"31, 2nd Cross, 1st Stage, Padmanabh Nagar, Kumaraswamy Layout, Bangalore",12.9061751,77.5659803
518,"32, 22nd Cross, 22nd Main, 2nd Stage, Near BDA Complex, Banashankari, Bangalore",12.9257671,77.5621308
519,"115, 4th Main, 4th Stage, Thyagarajanagar, Near, Basavanagudi, Bangalore",12.9307373,77.5673591
520,"4 & 5, 27th Cross, 4th Block, Jayanagar, Bangalore",12.9309531,77.5741073
521,"222, 100 Feet Road, Near Kathriguppe Signal, Opposite Udbav Hospital, 6th Block, 3rd Stage, Banashankari, Bangalore",12.9265163,77.5463768
522,"101, Manjunatha Complex, Near BDA Complex, 22nd Main, 2nd Stage, Banashankari, Bangalore",12.9259594,77.5621822
523,"44/1, Bull Temple Road, Basavanagudi, Bangalore",12.9448638,77.5658389
524,"2, Chikkalsandra, Uttarahalli Main Road, Uttarahalli, Bangalore",12.9102353,77.5401216
525,"9A Main Road, 3rd Block, Jayanagar, Bangalore",12.9262927,77.5827282
526,"6, 2nd Main, 3rd Cross, Chamrajpet, Basavanagudi, Bangalore",12.9328795,77.5651483
527,"196, 8th E Main, 27th Cross, 3rd Block, Suraj Plaza, Jayanagar, Bangalore",12.9310736,77.5808916
528,"54, Bull Temple Road, Basavanagudi, Bangalore",12.9434237,77.5655781
529,"487, 80 Feet Road, Bank Colony, 1st Stage, Banashankari, Bangalore",12.9387967,77.549853
530,"525/2, Opposite Lacasa, 10th Main, 33rd Cross, 4th Block, Jayanagar, Bangalore",12.9261195,77.5824422
531,"162 , Kathreguppe Cross Road, 3rd Stage, Banashankari, Bangalore",12.9281843,77.549535
532,"46, 80 Feet Road, 3rd Stage, Banashankari, Bangalore",12.9348707,77.5449275
533,"241, 100 Feet Road, Opposite Eshwari Theater, 3rd stage, Banashankari, Bangalore",12.9238164,77.551268
534,"173, Shop 4, Ground Floor, Teachers Colony, First stage, D.S.I College Main Road, Kumaraswamy Layout, Bangalore",12.9148657,77.5654885
535,"642, 14th Main, Kumaraswamy Layout, Bangalore",12.9071312,77.5613081
536,"1061, Gowrisutha, 50 Feet Rd, 1st Stage, Kumaraswamy Layout, Bangalore",12.9072062,77.5578266
537,"201, 4th Main Road, Next to National Lassi Bar, Chamrajapet, Basavanagudi, Bangalore",12.9526389,77.5419177
538,"1771, 14th Main, 1st Stage, Kumaraswamy Layout, Bangalore",12.9071026,77.561462
539,"75, Kanakapura Road, Vasavi Circle, V.V Puram, Basavanagudi, Bangalore",12.9481404,77.5743818
540,"6/1, Anjaneya Nagar, 100ft Ring Road, Banashankari 3rd Stage, Banashankari, Bangalore",12.9818794,77.5938147
541,"1080, Near Niligiris, Kumaraswamy Layout, Bangalore",12.9081096,77.5587675
542,"1554, 11th Cross, 1st Stage, Kumarswamy Layout, Near Sagar Hospital, Kumaraswamy Layout, Bangalore",12.9079569,77.5629237
543,"Sri Ganesh Fast Food. Opposite Goli ,Dayanand Sagar College Road, Kumaraswamy Layout, Bangalore",12.9083895,77.5629121
544,"Fresh Menu, Stavyah Arcade #10, 3rd floor 9th Main, Opp to Daily Bread, Yarab Nagar Main Rd, Banashankari Stage II, Bengaluru- 560070.",12.9201702,77.5671147
545,"954, 2nd Floor, 24th Main, 2nd Phase, Opposite LIC Building, JP Nagar, Bangalore",12.9121562,77.5836093
546,"616/2, 31st Cross, 10th A Main Road, 4th Block, Jayanagar, Bangalore",12.9289774,77.5838161
547,"24, 8th C Main, Behind Post Office, 4th Block, Jayanagar, Bangalore",12.9302965,77.580909
548,"25/4, 7th Block K.R Road, 8TH Cross Opposite, HDFC Bank, Jayanagar, Bangalore",12.9257266,77.5715501
549,"2, Medical College East Main Road, Kalasipalyam, Behind Bangalore Medical College, City Market, Bangalore",12.9587957,77.5733138
550,"215, 2nd Main, Thygarajanagar, Basavanagudi, Bangalore",12.9312174,77.5649447
551,"3313, Vishwabharati Layout, 80 Feet Road, Girinagar, 4th Phase, Stage 3, Banashankari, Bangalore",12.9407518,77.5431284
552,"32/2, DVG Road, Basavanagudi, Karnataka, Bangalore",12.9460685,77.5692593
553,"3/1, Bugle Rock Road, Gandhi Bazaar, Basavanagudi",12.9436665,77.5687918
554,"5 Zaina Towers, 9th Main Yarab Nagar Main Road Banashankari, Bangalore",12.9219089,77.5676647
555,"Shop 97, 22nd Main Road, Near Banashankari BDA complex, Banashankari Stage II, Banashankari, Bangalore",12.9265583,77.561772
556,"Cosmopolitan Club, Ground Floor, 22nd Cross, 3rd Block, Jayanagar, Bengalore",12.9327967,77.5832903
557,"172, Ground Floor, Near Jain College, VV Puram, Basavanagudi, Bangalore",12.9516502,77.5730118
558,"169, Subbarama Chetty Rd, NR Colony, Basavanagudi, Bangalore",12.9398196,77.5704987
559,"SM Towers, Near Cosmopolitan Club, 4/3/1 & 3/2, 1st Floor, 11th Main, Jayanagar, Bangalore",12.9324173,77.5841499
560,"2467, 24th Cross, 2nd Stage, Banashankari, Bangalore",12.9243597,77.5633817
561,"126/3, Uttarahalli Main Road, Sarvabouma Nagar, Chikkalasandra, Uttarahalli, Bangalore",12.9109922,77.5490692
562,"Bengaluru, Jayanagar, Bangalore",12.9292535,77.5696024
563,"8, 1st Cross Road, Teachers Colony, Kumaraswamy Layout, Bangalore",12.8980104,77.5688712
564,"Next to Bhagwan Mahavir Jain College, V V Puram, Basavanagudi, Bangalore",12.9496874,77.5730778
565,"166/A 2nd Floor, R.V Road, Above DTDC Office, V.V Puram, Near Minerva Circle, Basavanagudi, Bangalore",12.9534212,77.577915
566,"19/49, Near National College, 2nd Main, 31st Cross, 7th Block, Jayanagar, Bangalore",12.9279156,77.576001
567,"523, 33rd Cross, Jayanagar, Bangalore",12.9265022,77.582433
568,"86, Shakthi Arcade, 21st Main, 2nd Stage, Near KIMS College and BDA Complex, Banashankari, Bangalore",12.9269209,77.5623145
569,"Near Dayananda Sagar College, Teachers Colony, Kumaraswamy Layout, Bangalore",12.9078748,77.560393
570,"406, 2nd Cross, Vidyapeeta Layout, Banashankri, Bangalore",12.9335909,77.5593766
571,"199/1, Ajanaya Bhavana, 100 Feet Ring Road, Kathriguppe, Banashankari, Bangalore",13.0277834,77.6302547
572,"266/B, 7th Block, Jayanagar, Bangalore",12.9241644,77.5748586
573,"Shop 66/1, 4th Block, Near Maiys Hotel, 33rd Cross Road, Jayanagar, Bangalore",12.9262617,77.5797182
574,"1795, Near Police Station, 13th Main, Kumaraswamy Layout, Bangalore",12.9052006,77.5606596
575,"42, Vani Vilas Road, Ramakrishna Ashrama Circle, Basavanagudi, Bangalore",12.9483645,77.5664705
576,"89, Behind Venkateshwara Bar, Near PES College, 1st Stage, Banashankari, Bangalore",12.9401892,77.551158
577,"1, Monotype, 2nd Stage, Banashankari, Bangalore",12.9214217,77.5688372
578,"17, Gandhi Bazaar Main Road, Basavanagudi, Bangalore",12.9458455,77.5684812
579,"160, Gandhi Bazar Main Road, Basavanagudi, Bangalore",12.9455327,77.5689537
580,"43, BDA Complex, 2nd Stage, Banashankari, Bangalore",12.9248825,77.5624106
581,"57/18, 12th Main, Opposite PES College, Banashankari, Bangalore",12.9419823,77.5521371
582,"79, 21st Main, 2nd Stage, Banashankari, Bangalore",12.9251778,77.5599501
583,"70, 21st Main, Near BDA Complex, 2nd Stage, Banashankari, Bangalore",12.9261484,77.5623048
584,"Shop 58, 50 Feet Road, Opposite to Kathriguppe Water Tank, 1st Block, 3rd Stage, 1st Block, Banashankari, Bangalore",12.9302058,77.5445979
585,"11/2, 50 Feet Road, Muneshwara Block, Near Girinagar, Banashankari, Bangalore",12.9419258,77.5500692
586,"294, 100 Feet Road, Next to Mane Thindi Hotel, Near Deve Gowda Petrol Bunk, 3rd Stage, Banashankri, Bangalore",12.9228881,77.5541408
587,"24th Cross Road, Siddanna Layout, Banashankari Stage II, Banashankari, Bangalore",12.9234816,77.5680326
588,"18/22, 22nd Main, 80 Feet Road, Hanumanth Nagar, 3rd Stage, Banashankari, Bangalore",12.9391209,77.5509865
589,"115/116, Gandhi Bazar Main Road, Basavanagudi, Bangalore",12.9461133,77.5680768
590,"74, Shankar Market, Vanivillas Road, Basavanagudi, Bangalore",12.9479645,77.5677422
591,"125, 1st Floor, Abalashram Building, DV Gundappa Road, Basavanagudi, Bangalore",12.9432995,77.5688544
592,"129, D.R.Complex, DVG Road, Basavanagudi, Bangalore",12.9471947,77.5692617
593,"20, East Anjenaya Temple Street, Basavanagudi, Bangalore",12.9441618,77.5681054
594,"44/1, Bull Temple Road, Near Dodda Ganapati Temple, Basavanagudi, Bangalore",12.9429032,77.5660026
595,"200, Next to Canara Bank, KG Road, Gandhi Bazaar, Basavanagudi, Bangalore",12.9443534,77.570843
596,"1431, 22nd Cross, Near BDA Complex, 2nd Stage, Banashankari, Bangalore",12.925768,77.5618719
597,"14, 2nd Floor, Panchanjanya Tower, Phase III, 3rd Stage, 100 Feet Road, Banashankari, Bangalore",12.9251456,77.5486107
598,"488/1, 7th Main Road, 50 Feet Road, Hannumantha Nagar, Banashankari, Bangalore",12.9439007,77.5594318
599,"39/3C, Banashankari, Bangalore",12.9466782,77.54382
600,"715, Hari Complex, 22nd Cross KR Road, 2nd stage, Banashankari, Bangalore",12.9238899,77.5712533
601,"38/2, 1st Main, Mount Joy Extension, Hanumanthanagar, Girinagar, Banashankari, Bangalore",12.9421374,77.5498054
602,"2nd Floor, 980, 13th Cross, 2nd Stage, Banashankari, Bangalore",12.9294027,77.5609407
603,"24, 5th cross, 7th Main Road, Dwarkanagar, near Pesit College, Hosakerehalli, Bangalore, Banashankari",12.9328038,77.5344195
604,"173, 5th Main, Avalahalli Extension, Near Girinagar, Banashankari, Bangalore",12.943216,77.5421687
605,"#9, 5th Cross, 7th Main, Dwaraka Nagar, Near PESIT College, Hosakerehalli, Banashankari 3rd Stage, Bangalore",12.9344024,77.5333414
606,"14, 100 Feet Ring Road, 6th Block, 3rd Stage, Banashankari, Bangalore",12.934751,77.5345575
607,"115, 100 Feet Ring Road, Kathriguppe, Banashankari, Bangalore",12.9236871,77.5517927
608,"187, 16th Main, 24th Cross, 2nd Stage, Banashankari, Bangalore",12.9239624,77.5643348
609,"24 th cross, 15th Main Road, Siddanna Layout, Banashankari Stage II, Banashankari, Bangalore",12.9240876,77.5648267
610,"520, Nagendra Block,Hanumanthnagar, 50 Feet Road, Near PES College, Bank Colony, 1st Stage, Banashankari, Bangalore",12.9417656,77.5429312
611,"6, 10th Main, Opposite Post Office, 2nd Block, SBM Colony, Banashankari, Bangalore",12.9411792,77.5557317
612,"Hotel Mangala, 10th Main, Pipeline Road, Hanumanth Nagar, Banashankari, Bangalore",12.9417767,77.5578228
613,"2/B J P Road, Girinagar I Phase, Banashankari, Bangalore",12.9402848,77.5451145
614,"8, 1st Main, Mount Joy Road, Hanumanth Nagar, 2nd Stage, Banashankari, Bangalore",12.9401757,77.5622099
615,"76, 21st Main Road, 2nd Stage, Banashankari, Bangalore",12.9255967,77.5622483
616,"12/6, 80 Feet Road, 1st Stage, Srinivasnagar, Bank Colony, 1st Stage, Banashankari, Bangalore",12.9383671,77.5536048
